Color;R;G;B
Midnight Sky;150;166;140
Brilliant Black Crystal Pearl Coat (pxr);179;25;98
Bark Brown/Light Pebble Beige;93;239;106
Reactor Blue Pearlcoat;227;232;78
01L5;190;16;178
Granite Pearl;132;115;193
Bright White Clearcoat;121;59;60
Pikes peak white pearl;76;239;29
White w/Black;12;30;221
Pulse Red w/Black Roof;94;140;224
Gray Cloth Interior;50;152;176
EIGER GREY;221;177;96
Ionic Silver Metallic;2;43;194
CHILI RED RED;136;139;1
F8 Green Clearcoat;105;220;195
Classic Sioux/Check;232;87;113
Black (wh);194;147;95
Blk/Red Lthr;17;241;177
White Platinum Metallic Tri-Coat;145;211;98
TAUPE;125;41;30
Light Blue Gray / Black;212;40;140
Harbor Gray/Obsidian Black;44;148;225
Black, Leather;99;105;157
Super Red 5;7;181;20
Creamn;11;129;96
Black w/Gray;203;54;84
AMBER RED METALLIC;232;137;84
Labrador Black Met;185;179;115
Luxor Beige/Saddle Brown;184;0;205
Dark Brown Metallic;164;226;155
Aruba;137;233;249
Aurora Blue Mica;239;249;147
Brown/Charcoal;16;69;182
Crystal Black Pearl Bk;60;234;216
Stainless Steel;110;110;146
cream;92;95;234
Grabber Orange Clearcoat;132;234;18
Obsidian Black Metal;94;151;200
White/Peppercorn;78;87;184
Greystone;3;224;89
Night Moves;161;197;59
Brilliant Silver Metallic/Granite Gray Opal;247;245;184
03r3 Barcelona;30;234;206
Twilight Bronze Metallic;235;89;102
Café Latte;191;201;10
Mauro Brown w/Titan Black;102;63;138
Ibis White;89;181;166
Thunder Gray;180;44;144
Nutmeg;15;188;123
Hellayella (Yellow);104;45;195
River Rock;160;149;142
Moonlit White;136;4;232
T9T9/Ibis White;40;65;240
Black w/ Carmine Red Stitching;127;227;218
Ebony Seats Interior;7;182;118
Saddle Brown Leather;236;214;169
Ginger Beige/Espresso;105;91;50
Blond - UA00;233;172;125
Smoke White;250;190;223
Black / Mercato Blue;90;244;106
Giga Cassia/Spice Gray;207;183;18
Midnight Black Met;11;223;143
Icy Sunshine Bl;184;217;57
Leather Interior in Black/Bordeaux Red;75;37;212
Shetland Beige & Black;224;117;31
Black w/Express Red Stitching;159;68;42
Colorado Red;227;250;149
LT SPACE GRAY ACTIVEX SEATS;190;212;102
Charcoal Black Surround w/Sterling Stone Insert;87;231;125
Lime Rock Green Metallic;48;96;147
Black Metallic;2;167;58
Navy/Beige;149;21;116
Quartz Shadow Metallic;246;85;236
SILVER_METALIC;207;179;247
Starling Blue;166;7;183
Chromite Gray/Charcoal Black;44;234;12
Copper Ruby Metallic;154;242;63
Deep Impact Blue;80;236;244
Fountain Blue;237;153;73
Graphite Metallic Clearcoat/Black Vinyl Top;202;82;148
Belgravia Green;89;134;248
Iced Mocha;188;233;49
WJITE;25;230;178
Mocha Nappa/Black;233;180;231
Off Black Leather;207;73;24
Dark Slate Gray Cloth;47;208;121
Black / Slate Gray;245;90;227
Black Cloth;104;137;21
Black Striated;176;66;212
Okapi Brown w/Steel Gray;202;25;127
Burnished Gold Metallic;231;68;237
Brilliant Black Crystal Pearlcoat/Black Vinyl Top;133;86;247
Black/Light Greystone;73;229;172
S;122;113;225
Black w/Birds Eye Maple;187;89;204
Ebony / Lunar / Cirrus;20;57;78
Parchment - PA;206;54;165
Blue Lagoon Metallic;145;197;59
Oak Brown Metallic;250;110;195
Jet Black w/Torch Red Accents;162;225;93
Birch Light;17;137;151
Yas Marina Blue Metallic;68;190;245
Black/Sable Brown;54;171;237
Brown Leather w/Black Alcantara;116;69;3
Serenity White;126;234;75
Orange / Black;25;52;233
White w/ Black Roof;246;59;139
Neva Gray/Sable Brown;171;224;56
CRANBERRA BEIGE;142;55;209
Graphite Blue with Chalk Stitching;64;128;197
Flight Blue;123;55;177
Cinnamon Brown;121;1;53
Black Ry;28;119;147
Polymetal Gray;110;208;132
Halo;245;95;173
Go Mango;169;151;242
Pearlcoat;78;97;217
Teracotta;210;144;158
Slate Green Metallic;32;87;91
Jet Black with Jet Black accents, Leather-appointe;167;235;218
Mocha Bronze;227;35;208
Havana Brown Metallic;57;26;206
(With Sapele high-gloss wood trim.);39;151;227
Venom Black Clearcoat;211;218;175
INCOGNITO;108;57;79
Cabernet w/Linear Espresso Wood Trim;85;200;150
Hermosa Blue Pearl;173;84;15
Karat Gold Metallic;131;134;173
ONYX ACTIVEX SEAT MTRL;45;182;129
WHISPER BEIGE/EBONY ACCEN;206;93;158
Ivory/Ebony/Ivory/Ebony;251;108;24
Ice Green Metallic;86;167;4
Rock Gray / Granite Gray;57;245;248
Light Wheat/Jet Black w/Red Accents;234;142;65
Titanium Grey/Black;30;123;67
BLUE MED;40;246;86
Melbourne Red Metallic;72;150;100
Terra Gray Metallic;134;18;146
Red Alert Metallic;226;187;217
Yacht Blue;31;176;233
Black/Lt Frost Beige;182;175;190
Light Sand;198;20;121
Waitomo Grey;123;82;239
EBONY CLOTH;113;35;212
British Racing Green IV Metallic;153;95;77
Black / Deep Mocha;218;142;3
Oyster;248;149;107
Snowfall Pearl;221;208;189
Ebony with Ebony interior accents;92;234;203
Tusk White;202;133;246
Dark Pewter / Silver;80;105;94
Titan Black w/Quartzite;218;235;65
FIGHTER JET GRAY;54;2;238
Eclipse/Ebony/Ebony/Eclipse/Cirrus;165;77;66
D14;118;12;172
RED;171;34;18
CRYSTAL WH;94;205;76
Crystal Beige;166;10;70
Twilight Blue Metallic;29;164;111
Valais Green;63;110;31
Daytona Gray Pearl Effect w/ Black Roof;203;196;125
Light Khaki Metallic Clearcoat;204;79;145
Olive;158;181;20
Circuit Red W/Hadori Aluminum;107;236;88
Brilliant Red Metallic;243;153;143
Ebony seats and interior with Santorini Blue stitc;67;137;203
Cornsilk Beige / Brown;97;135;189
Shadow Blue Metallic;180;70;118
Matte Green Vinyl Wrap;157;55;95
LTHR SEATING SURF SANDSTONE;237;84;224
Lt Stone/Med Lt Stone;118;40;60
Silky Silver;242;214;95
Phantom Blue Mica;96;102;68
Ebony w/Titanium Accents;157;224;250
Zermatt Silver;74;166;25
Urban Gray;231;143;18
PERF SOFT TOUCH EBONY;143;1;239
Cirrus White;53;65;175
Black/alloy/black;196;85;14
Deep Blue Pearl;218;205;77
Black Nuluxe;73;66;234
John Cooper Works Blk Chk Clth;123;240;221
Nut Brown / Espresso;64;29;75
OCEAN DRIVE BLUE MET TC;218;75;210
Ivory/Lunar;130;25;238
Tuscan Bronze ChromaFlair;207;214;151
Crimson Red Metallic;210;53;68
Harbor Mist Gray Pearl;17;87;85
Steel (as);59;188;212
Eclipse/Ebony/Eclipse/Ebony;241;93;210
Almond/Ivory;204;157;82
Vintage Red Pearl;143;226;212
Orchid Suede;188;144;66
Billet Silver Metallic Clear Coat Psc;208;88;114
WHISPER BLUE;120;142;223
Brilliant Black Crystal;245;37;164
Orion Gray;35;14;193
Bv;81;185;212
Cirrus/Ebony/Cirrus/Ebony;150;239;94
DEEP BLACK;42;175;55
Calcite / Off Black;187;93;144
PLAT WHT PEARL;80;116;76
Galaxy Gray Mica;172;12;108
Bernina Grey Amber Effect;206;208;42
Linen White;114;16;90
Chroma Caviar Dark Gray Premium Metallic;91;147;231
Blueb;228;50;97
FLORETT SILVER;5;103;26
Super Black Clearcoat;131;137;234
Chromite;151;50;173
Diamond White;243;159;27
Mgm;159;206;244
Titan Black W/Accents;108;243;131
Carrara White [White;220;237;208
Austin Tan Pearlcoat/Light Graystone Pearlcoat;184;196;66
FLIGHT BLUE METALLIC;192;150;181
Brown Nappa;30;166;208
Bright;122;194;240
Medium Gray;119;107;76
Thunder Blue Metallic;201;57;209
Hermosa Blue;168;190;89
Magnetic (j7);151;166;73
Charcoal Black w/White Accents;93;34;157
Newport Blue Pearl;241;3;53
Selenite Gray;137;188;130
Gun;177;246;21
Lakeshore Slate;70;234;196
Blazing Red;171;27;138
Super Black Metallic;112;43;175
Misano Red Pearl Effect;131;148;212
Sand Yellow;138;8;150
WHT;20;91;151
Black/Saddle Tan W/Matte Dark Br;182;107;50
06x3;222;81;123
Allure Blue;123;9;27
Ebony Perforated Milano P;197;243;102
Saharan Stone;163;152;211
Dark Titanium Metallic Clearcoat;77;174;244
BLA;148;214;66
WHITE PLATINUM TRI-COAT MET;173;107;182
Satin Black;10;189;134
Bronze Fire Metallic;207;122;58
Chestnut;199;163;35
Barcelona Red Metallic/Jet Black;134;16;220
Black/Spectral Silver;129;30;90
Oyster Black;138;114;232
Manganese Gray Metallic;45;95;198
Silver Ice Metallic;189;105;75
Cardinal Red Metallic;202;177;64
FLAME RED;117;70;111
Light Titanium w/Ebony Accents;205;218;171
Cool-Gray Khaki;145;206;95
Red Candy Metallic Tinted Clearcoat;167;235;99
Jet Black, leather;42;211;80
Black / Graphite;9;28;106
Moulin Rou;95;179;183
Basque Red Pearl II;66;228;98
Eternal Blue Mica;188;237;208
Ebony w/Ebony Accents;55;182;95
Charcoal Wk;142;249;14
Sunburst Orange Pearlcoat;250;248;157
Grey-Beige;51;129;15
Maldives Blue Metallic;127;195;210
Black/Heritage Tan;101;115;179
Premium Package;213;206;233
Gray / Silver;187;59;142
Silver Knockout Metallic;222;250;113
Medium Camel;174;61;90
Sonoran Red;208;15;191
Sepang Blue Pearl Effect/Black Roof;240;178;62
Carbon Metallic;181;54;74
ONYX BLACK LEATHER SEATS;157;158;209
Rotor Gray;207;141;4
Saddle Brown/Dark Brown;93;75;206
Harvest Beige;182;15;44
CARPATHIAN_GREY;119;174;247
Jen Adiere Maroon;182;21;182
CARRARA WHT;250;97;69
Viper Black;218;249;153
Sprint Gray;64;145;208
EBONY CLOTH/SUEDE SEATS;211;1;134
designo Graphite;57;187;193
Paint to Sample - Meissen Blue;171;59;184
Diamond Red;70;188;233
Papillon Silver Heliochrome;223;91;11
Black w Gray Stitching;111;113;144
Caramel w/Jet Black Accents;144;177;209
BLACK MB TEX;204;41;148
Dark Auburn With Jet Black Accents, Full Semi-Aniline Leather Se;54;154;196
Jade;174;80;77
Marooon;64;70;205
BURGUN;197;75;32
DESERT BROWN TRIM;47;10;181
Ex-L;229;134;157
Heavy Metal/Black;238;47;248
Platinum White/Black;39;208;138
Luminous Sand Metallic;195;246;208
Yas Marina Blue;82;174;169
Grigio Telesto Pearl Metallic;4;142;183
San Francisco Red Metallic;175;123;175
Neva Grey/Biscaya Blue;41;173;238
Ice Silver Metallic Ism;132;47;154
Lightning Blue Leather;192;141;234
Summit Gray Pearl;59;239;125
Black Saddle / Tan;2;90;132
designo Copper;212;76;170
Dark Ash/Ash - 28;94;192;169
Vapour Grey;104;153;51
STARLIGHT GRAY METALLIC;57;29;177
Quicksilver Metallic;178;90;22
Mega Carum Spice Grey/Carum Spice Grey;142;139;23
Dark Slate Gray/med;120;156;238
Anthracite Black;153;239;175
Space Silver Metallic;245;242;187
Ebony/Medium Slate;92;112;23
BROWNSTONE, PREMIUM CLOTH SEAT TRIM;25;90;210
Liquid Carbon Meta;150;55;87
Vapor Gray Metallic;77;242;142
PNK/Pink;222;56;208
Dark Pewter w/Electric Blue Trim;110;77;94
Premium White Pearl;232;204;153
Sunny Side Yellow;68;124;1
Lt. Green;34;12;113
Tungsten / Black;196;229;224
Cloud Gray;136;163;209
SANDSTONE INTERIOR;153;186;233
39C;129;1;188
Deep Bronze;83;91;207
BLACK LEATHER;210;84;242
Indigo Blue/Brown;109;164;132
0085;221;75;90
Shale With Ebony Interior Accents;157;167;5
Navy Blue;74;229;241
Crystal White Pearl Metallic w/BMW i Frozen Blue;104;97;220
Brogue/Ebony/Brogue/Ivory;140;17;55
Mystic Black Clearcoat;161;105;42
Pure White;249;236;193
No Color;195;115;113
Ligurian Black SV Bespoke Ultra Metallic Sat;125;139;252
Pearl White;207;77;161
Sandsoft Beige;77;105;25
ALMOND;121;213;139
Deep Ruby Metallic;211;27;94
Graphite / Stone;122;162;181
Omaha Orange Clearcoat;242;59;80
Velocity Red Mica;208;2;135
Paint to Sample - Irish Green;214;89;161
MAGNETITE BLACK METALLIC;80;206;93
METALLIC WHITE;157;31;208
Deep Amethyst Pearl Coat;84;175;242
Eucalyptus;164;111;239
Blue Pearl;96;90;250
F;241;144;67
Black/Silk Beige;29;205;14
Camel/Gray Stone;101;138;202
Cocoa Bronze Metallic;169;68;237
EN;205;118;153
Black with Dark Silver Stitching;86;11;54
Black & Cream;130;191;134
DEEP ESPRESSO BROWN;236;190;19
Smokin Asphalt;58;194;148
Mercury Gray Pearl;161;108;234
Lapiz Blue Metallic;151;169;56
Iridescent Silver Blue Pearl;53;159;91
Graphite (g);83;95;213
Blaze Red Crystal Pearlcoat/Black Cloth Top;250;165;32
Sedona Sauvage w/Jet Black Accents;169;138;7
Snowflake White Pearl Mica;171;62;207
Silicon Silver Metallic;133;12;207
Black w/Crescendo Red Stitching;101;75;171
Cedar;193;84;33
Ruby Red/Black;37;124;90
Khaki Windsor;147;173;119
Cloud/Ebony - 304PF;75;250;29
Infrared Metallic w/Black Roof;241;85;218
Espresso/Espresso/Almond/Ivory;66;26;70
Dune Silver;110;132;191
Deep Cherry Red Crystal Pearlc;201;100;148
Gravity Gold Matte;141;66;76
Artisan Red Metallic;205;107;239
Monaco Red W/Black Accent;78;246;221
Cornsilk Beige / Titan Black;120;136;45
BRIGHT SILVER;92;184;191
Downpour Metallic;169;33;79
Comet Gray Mica;173;96;4
Desire Metallic;38;114;150
Sangria w/Jet Black Accents;127;186;40
Black/Carmine Red;176;243;55
Ebony/Lunar;245;205;183
Blueprint Pearl Mica;127;118;40
Imperial Black;123;239;3
Red Multi-Coat [Re;95;16;187
Cardinal Red Tricoat;53;118;85
Orange Flame Metallic;237;69;60
Cocoa/Mahogany;174;182;20
Green Clearcoat Metallic;76;90;233
Black W Red;181;81;17
Osmium Gray;153;100;226
BALTIC GRAY MET;64;63;101
Black Oak Brown Metallic;90;223;146
Orange Pearl;113;207;233
Summit White / White;223;213;47
Palladium Silver;231;204;56
Tuscan Brown Fine Nappa leather seats;212;148;90
Siena Red Metallic;175;193;20
Black Noir Pearl;83;146;157
Savannah Metallic;150;2;132
Onyx  Black Metallic;219;103;63
Midnight Silver Meta;177;151;7
Chroma Crystal Blue;55;108;127
Dark Slate Grey Interior;60;66;83
Metallic Grey;162;92;19
Batumi Gold Metallic;63;139;142
Ebony w/Dark Slate Accents;100;158;240
Pomelo Yellow;246;100;96
Le Mans Blue Metallic;150;184;177
Spicy Red Metallic;3;85;161
Ex;238;130;107
Blue Crush Metallic;137;55;176
Charcoal W/Black Piping;153;205;119
Meteorite Metallic;187;147;132
Champagne Mist Pearl;70;228;206
Gallium;221;240;193
Ebony/Russet;22;227;47
Offshore Blue Metallic Of1;98;36;102
Jet Black With Kalahari Accents;60;14;129
Predawn Gray;226;94;148
Yellow Pearl;118;200;24
NANUQ WHITE;104;225;171
Rhapsody Blue Premium Colorant;67;56;82
Son of a Gun Gray Metallic;152;167;85
Silverleaf Metallic/Bordeaux Roof;244;225;64
Espresso Leather;188;108;126
Kalahari/Jet Black;203;95;123
Gray w/Brown Bolsters;222;37;132
PALLADIUM WHITE GOLD METALLIC;165;41;216
Sepia Brown;245;162;234
Black w/Deep Sea Blue;121;220;245
Black / Light Graystone;15;49;202
Harbor Gray;221;154;50
MoonStone Gray;67;185;99
Terracotta/Black;165;184;232
Basalt Black;56;59;41
13181;203;54;232
Black - NJ2;48;82;76
Black w/ Guards Red Stitching;182;184;253
Desert Mist Metallic;87;184;50
Platinum Dune Tri-Coat;207;79;210
Ostuni Pearl White Premium Metallic;53;234;20
CHARCOAL GRAY;179;98;83
Acorn Grained Lth;212;100;177
Anvil Blue;19;182;115
Sterling Stone/Charcoal Black;129;223;71
Leather/Race-Tex Interior in Black with Artic Grey Stitching i.c.w. Weissach Package;192;118;64
Redfire Metallic;234;20;93
Diamond Red Metallic Clearcoat;137;82;189
Magnetic Force;226;125;177
Light Frost Beige/dark Frost;127;84;231
Black (x9);148;201;193
MED LT STONE LEATHER BKT SEAT;66;237;92
Blond Ventilated Nappa;55;25;130
Pure White w/ Black Roof;240;210;163
White Silver;140;125;15
Lunar Silver;229;35;111
Cobra Beige Metallic;155;130;208
Blk W/Gry Lth Appointed;55;3;200
Chestnut Bronze;172;15;236
Corvette Racing Yellow Tintcoat;112;183;17
Black/Med Slate Gray;200;21;11
Jet Black with Jet B;173;37;151
Deep Sea Metallic;27;30;98
Ember Pearlcoat;68;118;11
Ionian Silver SV Bespoke Ultra Metallic Gloss;224;247;86
White with Plaid;24;156;174
Ebony, leatherette/cloth;82;100;237
Cement Gray (fc14);149;184;152
Ebony - 303PY;234;123;197
Indigo Blue Pearl;105;112;144
Red/Black Bicolor;244;83;123
Charcoal II;152;8;100
Brass;110;203;134
Pikes Peak White Pearl Clearcoat;150;194;30
Sahara;192;90;67
Hainan Blue Metallic;212;116;228
Brilliant Blue Metallic/Dark Argent Metallic;88;22;248
Volcanic Red Monochrome;167;247;187
Viper Bright Silver Metallic Clearcoat;174;216;0
Jungle Green Metallic;203;173;75
two tone black and saddle;206;159;37
Ebony w/Ebony Inserts;54;178;198
Medium Slate Leather;140;96;86
Sandstorm / Black;68;222;177
CHARC BLACK LTHR RECARO SEATS;24;166;117
Dark Pewter Metallic;125;226;62
Creme Beige Leather;215;8;131
Liquid Silver Metallic;190;131;62
Mandarin Gold Metallic;44;182;150
Es;208;12;42
Arroios Grey Metallic (1fu);171;94;116
BGE;118;242;147
